[
   {
      "first_name":"Adriano",
      "last_name":"Sackler",
      "email":"asackler0@admin.ch",
      "phone":{
         "work":"755-370-9714",
         "home":"923-659-6386",
         "cell":"846-904-4445"
      
},
      "age":74
   
},
   {
      "first_name":"Nealy",
      "last_name":"Hazeup",
      "email":"nhazeup1@miibeian.gov.cn",
      "phone":{
         "work":"807-731-4833",
         "home":"224-112-5098",
         "cell":"745-763-8842"
      
},
      "age":56
   
},
   {
      "first_name":"Glen",
      "last_name":"Calrow",
      "email":"gcalrow2@goodreads.com",
      "phone":{
         "work":"511-148-9235",
         "home":"213-674-6294",
         "cell":"192-929-6232"
      
},
      "age":95
   
},
   {
      "first_name":"Bethena",
      "last_name":"Torrijos",
      "email":"btorrijos3@apple.com",
      "phone":{
         "work":"371-626-3941",
         "home":"330-986-8395",
         "cell":"894-478-6435"
      
},
      "age":69
   
},
   {
      "first_name":"Cortney",
      "last_name":"Chessel",
      "email":"cchessel4@digg.com",
      "phone":{
         "work":"941-640-3531",
         "home":"126-900-8116",
         "cell":"160-362-8840"
      
},
      "age":42
   
},
   {
      "first_name":"Niccolo",
      "last_name":"Longhirst",
      "email":"nlonghirst5@ebay.co.uk",
      "phone":{
         "work":"416-849-8185",
         "home":"820-223-9044",
         "cell":"363-236-2963"
      
},
      "age":81
   
},
   {
      "first_name":"Hurleigh",
      "last_name":"Jaggs",
      "email":"hjaggs6@hao123.com",
      "phone":{
         "work":"758-415-1088",
         "home":"-290-5919",
         "cell":"477-692-1383"
      
},
      "age":88
   
},
   {
      "first_name":"Elsa",
      "last_name":"Haugen",
      "email":"ehaugen7@jiathis.com",
      "phone":{
         "work":"810-514-3823",
         "home":"261-148-2002",
         "cell":"205-544-5574"
      
},
      "age":26
   
},
   {
      "first_name":"Isak",
      "last_name":"Kemwal",
      "email":"ikemwal8@google.ru",
      "phone":{
         "work":"113-944-0168",
         "home":"258-941-5003",
         "cell":"400-525-1563"
      
},
      "age":63
   
},
   {
      "first_name":"Genia",
      "last_name":"Worg",
      "email":"gworg9@goo.gl",
      "phone":{
         "work":"232-594-0490",
         "home":"354-543-2658",
         "cell":"589-509-7885"
      
},
      "age":39
   
},
   {
      "first_name":"Cyrus",
      "last_name":"Pedrocchi",
      "email":"cpedrocchia@fda.gov",
      "phone":{
         "work":"341-256-6651",
         "home":"214-755-8319",
         "cell":"575-873-5570"
      
},
      "age":60
   
},
   {
      "first_name":"Coretta",
      "last_name":"Phare",
      "email":"cphareb@bravesites.com",
      "phone":{
         "work":"183-110-0900",
         "home":"978-566-6622",
         "cell":"340-947-4893"
      
},
      "age":28
   
},
   {
      "first_name":"Kerrie",
      "last_name":"Clemmow",
      "email":"kclemmowc@barnesandnoble.com",
      "phone":{
         "work":"938-679-0644",
         "home":"818-447-3954",
         "cell":"551-209-6572"
      
},
      "age":92
   
},
   {
      "first_name":"Ethan",
      "last_name":"Ayce",
      "email":"eayced@microsoft.com",
      "phone":{
         "work":"758-835-5094",
         "home":"910-497-9349",
         "cell":"689-163-4725"
      
},
      "age":45
   
},
   {
      "first_name":"Jori",
      "last_name":"Heinschke",
      "email":"jheinschkee@walmart.com",
      "phone":{
         "work":"804-348-1925",
         "home":"851-167-5636",
         "cell":"908-120-0714"
      
},
      "age":49
   
},
   {
      "first_name":"Anatol",
      "last_name":"Winterbottom",
      "email":"awinterbottomf@hhs.gov",
      "phone":{
         "work":"784-491-0587",
         "home":"796-296-9477",
         "cell":"610-344-8609"
      
},
      "age":91
   
},
   {
      "first_name":"Vlad",
      "last_name":"Jamary",
      "email":"vjamaryg@nhs.uk",
      "phone":{
         "work":"311-325-1901",
         "home":"174-563-9222",
         "cell":"739-708-4429"
      
},
      "age":84
   
},
   {
      "first_name":"Clare",
      "last_name":"Leatham",
      "email":"cleathamh@elegantthemes.com",
      "phone":{
         "work":"430-281-5442",
         "home":"528-612-8656",
         "cell":"730-781-8022"
      
},
      "age":70
   
},
   {
      "first_name":"Geneva",
      "last_name":"Toynbee",
      "email":"gtoynbeei@huffingtonpost.com",
      "phone":{
         "work":"112-326-5060",
         "home":"243-307-2493",
         "cell":"700-302-4226"
      
},
      "age":93
   
},
   {
      "first_name":"Saundra",
      "last_name":"Collopy",
      "email":"scollopyj@diigo.com",
      "phone":{
         "work":"520-507-7669",
         "home":"355-269-8106",
         "cell":"372-994-5062"
      
},
      "age":78
   
},
   {
      "first_name":"Benson",
      "last_name":"Ambrozik",
      "email":"bambrozikk@zimbio.com",
      "phone":{
         "work":"452-187-8206",
         "home":"944-809-8354",
         "cell":"517-509-1082"
      
},
      "age":93
   
},
   {
      "first_name":"Alida",
      "last_name":"Elstub",
      "email":"aelstubl@desdev.cn",
      "phone":{
         "work":"709-307-3766",
         "home":"300-712-7629",
         "cell":"603-685-7626"
      
},
      "age":95
   
},
   {
      "first_name":"Uta",
      "last_name":"Haining",
      "email":"uhainingm@salon.com",
      "phone":{
         "work":"690-129-2166",
         "home":"923-210-6205",
         "cell":"570-817-4587"
      
},
      "age":92
   
},
   {
      "first_name":"Jordanna",
      "last_name":"Locard",
      "email":"jlocardn@virginia.edu",
      "phone":{
         "work":"408-721-6813",
         "home":"105-210-5613",
         "cell":"440-351-9544"
      
},
      "age":96
   
},
   {
      "first_name":"Olly",
      "last_name":"Bemrose",
      "email":"obemroseo@vinaora.com",
      "phone":{
         "work":"534-159-1253",
         "home":"402-381-2302",
         "cell":"292-349-5069"
      
},
      "age":71
   
},
   {
      "first_name":"Darb",
      "last_name":"Mcmanaman",
      "email":"dmcmanamanp@de.vu",
      "phone":{
         "work":"510-598-0652",
         "home":"495-943-9611",
         "cell":"573-664-8296"
      
},
      "age":78
   
},
   {
      "first_name":"Raimondo",
      "last_name":"Ivanchikov",
      "email":"rivanchikovq@amazon.com",
      "phone":{
         "work":"388-113-4995",
         "home":"847-935-5170",
         "cell":"504-835-0570"
      
},
      "age":74
   
},
   {
      "first_name":"Caitlin",
      "last_name":"Mapowder",
      "email":"cmapowderr@census.gov",
      "phone":{
         "work":"830-768-8721",
         "home":"581-250-9688",
         "cell":"610-376-1052"
      
},
      "age":30
   
},
   {
      "first_name":"Bernice",
      "last_name":"Midson",
      "email":"bmidsons@nps.gov",
      "phone":{
         "work":"216-962-8908",
         "home":"716-766-5429",
         "cell":"125-533-8449"
      
},
      "age":91
   
},
   {
      "first_name":"Eolanda",
      "last_name":"Gradwell",
      "email":"egradwellt@biblegateway.com",
      "phone":{
         "work":"863-874-9265",
         "home":"340-400-9549",
         "cell":"445-636-0744"
      
},
      "age":42
   
},
   {
      "first_name":"Nerissa",
      "last_name":"Edinburgh",
      "email":"nedinburghu@soup.io",
      "phone":{
         "work":"356-167-2597",
         "home":"719-167-3235",
         "cell":"826-889-6533"
      
},
      "age":76
   
},
   {
      "first_name":"Berky",
      "last_name":"Le Franc",
      "email":"blefrancv@washingtonpost.com",
      "phone":{
         "work":"492-997-5528",
         "home":"208-704-2691",
         "cell":"661-996-2050"
      
},
      "age":87
   
},
   {
      "first_name":"Camel",
      "last_name":"Swanborrow",
      "email":"cswanborroww@boston.com",
      "phone":{
         "work":"898-988-1096",
         "home":"352-932-9469",
         "cell":"335-938-6503"
      
},
      "age":23
   
},
   {
      "first_name":"Isidora",
      "last_name":"Witcomb",
      "email":"iwitcombx@phoca.cz",
      "phone":{
         "work":"317-320-0882",
         "home":"986-189-6783",
         "cell":"290-942-2366"
      
},
      "age":70
   
},
   {
      "first_name":"Elinore",
      "last_name":"Devin",
      "email":"edeviny@aboutads.info",
      "phone":{
         "work":"612-387-2386",
         "home":"505-150-5595",
         "cell":"921-251-2047"
      
},
      "age":85
   
},
   {
      "first_name":"Olin",
      "last_name":"Lofthouse",
      "email":"olofthousez@blogtalkradio.com",
      "phone":{
         "work":"676-554-9585",
         "home":"450-493-0893",
         "cell":"224-856-1364"
      
},
      "age":44
   
},
   {
      "first_name":"Bernardina",
      "last_name":"Perree",
      "email":"bperree10@newsvine.com",
      "phone":{
         "work":"717-687-0533",
         "home":"140-478-6688",
         "cell":"310-923-2214"
      
},
      "age":54
   
},
   {
      "first_name":"Aldwin",
      "last_name":"Dehm",
      "email":"adehm11@bing.com",
      "phone":{
         "work":"894-705-2846",
         "home":"977-779-6026",
         "cell":"310-779-0253"
      
},
      "age":76
   
},
   {
      "first_name":"Dave",
      "last_name":"Beisley",
      "email":"dbeisley12@hostgator.com",
      "phone":{
         "work":"291-410-8302",
         "home":"640-819-4584",
         "cell":"567-842-8040"
      
},
      "age":45
   
},
   {
      "first_name":"Grete",
      "last_name":"Gail",
      "email":"ggail13@google.pl",
      "phone":{
         "work":"344-146-8176",
         "home":"365-397-3628",
         "cell":"585-974-3512"
      
},
      "age":54
   
},
   {
      "first_name":"Petronia",
      "last_name":"Whybrow",
      "email":"pwhybrow14@jugem.jp",
      "phone":{
         "work":"632-812-0395",
         "home":"843-723-8898",
         "cell":"661-783-6896"
      
},
      "age":21
   
},
   {
      "first_name":"Austen",
      "last_name":"Joburn",
      "email":"ajoburn15@gov.uk",
      "phone":{
         "work":"793-939-9736",
         "home":"331-178-9282",
         "cell":"103-155-6200"
      
},
      "age":70
   
},
   {
      "first_name":"Brnaby",
      "last_name":"Fylan",
      "email":"bfylan16@biblegateway.com",
      "phone":{
         "work":"175-478-3283",
         "home":"221-396-8966",
         "cell":"188-594-4669"
      
},
      "age":100
   
},
   {
      "first_name":"Christyna",
      "last_name":"Bedin",
      "email":"cbedin17@dmoz.org",
      "phone":{
         "work":"579-101-8108",
         "home":"936-626-8283",
         "cell":"849-256-6715"
      
},
      "age":24
   
},
   {
      "first_name":"Hedvige",
      "last_name":"Ickovic",
      "email":"hickovic18@hao123.com",
      "phone":{
         "work":"982-544-8197",
         "home":"815-697-7289",
         "cell":"284-894-5623"
      
},
      "age":57
   
},
   {
      "first_name":"Fionna",
      "last_name":"Kellard",
      "email":"fkellard19@slate.com",
      "phone":{
         "work":"427-420-8223",
         "home":"190-436-5773",
         "cell":"739-304-3880"
      
},
      "age":37
   
},
   {
      "first_name":"Carmen",
      "last_name":"Colliver",
      "email":"ccolliver1a@cocolog-nifty.com",
      "phone":{
         "work":"496-805-9322",
         "home":"468-489-4571",
         "cell":"704-563-2749"
      
},
      "age":64
   
},
   {
      "first_name":"Lisha",
      "last_name":"Quye",
      "email":"lquye1b@cdc.gov",
      "phone":{
         "work":"607-519-5969",
         "home":"202-238-0576",
         "cell":"102-355-2289"
      
},
      "age":39
   
},
   {
      "first_name":"Reinaldos",
      "last_name":"Whittlesee",
      "email":"rwhittlesee1c@xinhuanet.com",
      "phone":{
         "work":"100-616-9614",
         "home":"100-156-7701",
         "cell":"225-793-7608"
      
},
      "age":23
   
},
   {
      "first_name":"Willie",
      "last_name":"Ferreli",
      "email":"wferreli1d@51.la",
      "phone":{
         "work":"734-921-0249",
         "home":"642-717-1857",
         "cell":"987-893-3959"
      
},
      "age":83
   
},
   {
      "first_name":"Prudi",
      "last_name":"Janway",
      "email":"pjanway1e@senate.gov",
      "phone":{
         "work":"330-412-3116",
         "home":"696-543-6576",
         "cell":"727-693-6358"
      
},
      "age":65
   
},
   {
      "first_name":"Ailina",
      "last_name":"Yekel",
      "email":"ayekel1f@yahoo.com",
      "phone":{
         "work":"872-927-0511",
         "home":"907-983-6394",
         "cell":"658-299-3657"
      
},
      "age":75
   
},
   {
      "first_name":"Verena",
      "last_name":"Suddaby",
      "email":"vsuddaby1g@list-manage.com",
      "phone":{
         "work":"781-833-3729",
         "home":"675-843-0773",
         "cell":"649-138-4396"
      
},
      "age":38
   
},
   {
      "first_name":"Cathleen",
      "last_name":"Josskovitz",
      "email":"cjosskovitz1h@epa.gov",
      "phone":{
         "work":"329-469-5590",
         "home":"742-522-3838",
         "cell":"767-869-5191"
      
},
      "age":32
   
},
   {
      "first_name":"Dugald",
      "last_name":"De Fries",
      "email":"ddefries1i@flavors.me",
      "phone":{
         "work":"948-412-5815",
         "home":"662-197-1470",
         "cell":"590-731-4526"
      
},
      "age":22
   
},
   {
      "first_name":"Toiboid",
      "last_name":"Kemell",
      "email":"tkemell1j@npr.org",
      "phone":{
         "work":"857-423-6615",
         "home":"834-986-7726",
         "cell":"794-224-4628"
      
},
      "age":38
   
},
   {
      "first_name":"Kippie",
      "last_name":"Hughland",
      "email":"khughland1k@about.com",
      "phone":{
         "work":"515-784-0620",
         "home":"946-731-0112",
         "cell":"515-759-7187"
      
},
      "age":21
   
},
   {
      "first_name":"Burtie",
      "last_name":"Gawler",
      "email":"bgawler1l@ebay.com",
      "phone":{
         "work":"133-789-7439",
         "home":"343-141-3044",
         "cell":"463-474-3801"
      
},
      "age":85
   
},
   {
      "first_name":"Maia",
      "last_name":"Pennycord",
      "email":"mpennycord1m@ning.com",
      "phone":{
         "work":"967-824-3954",
         "home":"489-549-7974",
         "cell":"465-719-2647"
      
},
      "age":44
   
},
   {
      "first_name":"Dieter",
      "last_name":"Shreenan",
      "email":"dshreenan1n@hexun.com",
      "phone":{
         "work":"189-362-8833",
         "home":"243-410-0951",
         "cell":"482-578-1361"
      
},
      "age":51
   
},
   {
      "first_name":"Britney",
      "last_name":"MacLeod",
      "email":"bmacleod1o@360.cn",
      "phone":{
         "work":"419-706-1845",
         "home":"324-592-0465",
         "cell":"192-886-8276"
      
},
      "age":56
   
},
   {
      "first_name":"Rubi",
      "last_name":"Bullock",
      "email":"rbullock1p@wisc.edu",
      "phone":{
         "work":"865-389-2407",
         "home":"757-397-2004",
         "cell":"806-142-8234"
      
},
      "age":76
   
},
   {
      "first_name":"Calypso",
      "last_name":"MacClancey",
      "email":"cmacclancey1q@miibeian.gov.cn",
      "phone":{
         "work":"697-164-3097",
         "home":"632-348-1358",
         "cell":"390-388-1270"
      
},
      "age":71
   
},
   {
      "first_name":"Sayre",
      "last_name":"Buessen",
      "email":"sbuessen1r@scribd.com",
      "phone":{
         "work":"103-800-2183",
         "home":"274-718-4065",
         "cell":"620-838-0770"
      
},
      "age":72
   
},
   {
      "first_name":"Artus",
      "last_name":"Grundwater",
      "email":"agrundwater1s@nytimes.com",
      "phone":{
         "work":"961-787-9017",
         "home":"614-849-4803",
         "cell":"379-463-2273"
      
},
      "age":54
   
},
   {
      "first_name":"Guthry",
      "last_name":"Aslam",
      "email":"gaslam1t@simplemachines.org",
      "phone":{
         "work":"201-304-9927",
         "home":"387-466-0109",
         "cell":"536-731-9786"
      
},
      "age":72
   
},
   {
      "first_name":"Livia",
      "last_name":"Swafford",
      "email":"lswafford1u@eventbrite.com",
      "phone":{
         "work":"819-134-9267",
         "home":"722-644-4688",
         "cell":"314-348-5428"
      
},
      "age":91
   
},
   {
      "first_name":"Martyn",
      "last_name":"Chattey",
      "email":"mchattey1v@posterous.com",
      "phone":{
         "work":"325-241-5421",
         "home":"634-957-0921",
         "cell":"388-216-8585"
      
},
      "age":36
   
},
   {
      "first_name":"Clementia",
      "last_name":"Giovannoni",
      "email":"cgiovannoni1w@typepad.com",
      "phone":{
         "work":"516-363-7916",
         "home":"389-535-7317",
         "cell":"130-786-6225"
      
},
      "age":60
   
},
   {
      "first_name":"Elliott",
      "last_name":"Karpets",
      "email":"ekarpets1x@twitter.com",
      "phone":{
         "work":"941-387-5608",
         "home":"251-145-1671",
         "cell":"972-444-6825"
      
},
      "age":89
   
},
   {
      "first_name":"Marilyn",
      "last_name":"Roddan",
      "email":"mroddan1y@archive.org",
      "phone":{
         "work":"913-399-2910",
         "home":"637-587-2105",
         "cell":"894-986-4802"
      
},
      "age":27
   
},
   {
      "first_name":"Lynn",
      "last_name":"McIsaac",
      "email":"lmcisaac1z@mac.com",
      "phone":{
         "work":"735-450-8256",
         "home":"109-786-8688",
         "cell":"255-368-7297"
      
},
      "age":28
   
},
   {
      "first_name":"Riva",
      "last_name":"Brasseur",
      "email":"rbrasseur20@bigcartel.com",
      "phone":{
         "work":"879-824-0181",
         "home":"314-729-9161",
         "cell":"111-381-9930"
      
},
      "age":32
   
},
   {
      "first_name":"Marinna",
      "last_name":"Lownds",
      "email":"mlownds21@ox.ac.uk",
      "phone":{
         "work":"672-878-6130",
         "home":"987-274-5385",
         "cell":"142-658-2353"
      
},
      "age":82
   
},
   {
      "first_name":"Yetta",
      "last_name":"Coggan",
      "email":"ycoggan22@sun.com",
      "phone":{
         "work":"216-238-2473",
         "home":"387-780-7656",
         "cell":"850-689-4571"
      
},
      "age":73
   
},
   {
      "first_name":"Stormi",
      "last_name":"Sinderland",
      "email":"ssinderland23@youtu.be",
      "phone":{
         "work":"684-168-4525",
         "home":"436-481-9247",
         "cell":"950-518-8143"
      
},
      "age":94
   
},
   {
      "first_name":"Misti",
      "last_name":"Letteresse",
      "email":"mletteresse24@edublogs.org",
      "phone":{
         "work":"193-640-8945",
         "home":"440-964-2876",
         "cell":"276-493-9131"
      
},
      "age":40
   
},
   {
      "first_name":"Benita",
      "last_name":"Gibbings",
      "email":"bgibbings25@washingtonpost.com",
      "phone":{
         "work":"121-246-3859",
         "home":"986-410-9025",
         "cell":"158-191-7887"
      
},
      "age":19
   
},
   {
      "first_name":"Sibyl",
      "last_name":"Skerman",
      "email":"sskerman26@1und1.de",
      "phone":{
         "work":"132-538-8623",
         "home":"560-506-9871",
         "cell":"177-756-9510"
      
},
      "age":85
   
},
   {
      "first_name":"Rebeca",
      "last_name":"Sweetland",
      "email":"rsweetland27@independent.co.uk",
      "phone":{
         "work":"202-413-2042",
         "home":"591-105-9593",
         "cell":"396-645-0095"
      
},
      "age":92
   
},
   {
      "first_name":"Brand",
      "last_name":"Raymen",
      "email":"braymen28@rediff.com",
      "phone":{
         "work":"742-607-7401",
         "home":"483-801-4713",
         "cell":"822-789-8022"
      
},
      "age":89
   
},
   {
      "first_name":"Vilhelmina",
      "last_name":"Dennes",
      "email":"vdennes29@privacy.gov.au",
      "phone":{
         "work":"264-205-3450",
         "home":"114-125-3617",
         "cell":"603-970-7670"
      
},
      "age":63
   
},
   {
      "first_name":"Cull",
      "last_name":"Cussins",
      "email":"ccussins2a@springer.com",
      "phone":{
         "work":"667-212-2585",
         "home":"318-682-0047",
         "cell":"940-673-5075"
      
},
      "age":75
   
},
   {
      "first_name":"Gretel",
      "last_name":"Grindrod",
      "email":"ggrindrod2b@omniture.com",
      "phone":{
         "work":"947-935-3584",
         "home":"701-432-6118",
         "cell":"600-237-3510"
      
},
      "age":50
   
},
   {
      "first_name":"Barby",
      "last_name":"Frowen",
      "email":"bfrowen2c@virginia.edu",
      "phone":{
         "work":"728-599-2553",
         "home":"199-808-8273",
         "cell":"529-902-4096"
      
},
      "age":84
   
},
   {
      "first_name":"Lorrie",
      "last_name":"Van Der Weedenburg",
      "email":"lvanderweedenburg2d@sfgate.com",
      "phone":{
         "work":"342-890-1131",
         "home":"810-795-2783",
         "cell":"532-413-8943"
      
},
      "age":60
   
},
   {
      "first_name":"Gregory",
      "last_name":"Turbayne",
      "email":"gturbayne2e@google.com",
      "phone":{
         "work":"862-161-7413",
         "home":"309-296-3516",
         "cell":"221-585-5761"
      
},
      "age":91
   
},
   {
      "first_name":"Marleah",
      "last_name":"Mitkin",
      "email":"mmitkin2f@businessinsider.com",
      "phone":{
         "work":"826-215-9981",
         "home":"903-844-2594",
         "cell":"168-334-4167"
      
},
      "age":81
   
},
   {
      "first_name":"Wainwright",
      "last_name":"Spring",
      "email":"wspring2g@chicagotribune.com",
      "phone":{
         "work":"835-311-2867",
         "home":"936-918-3420",
         "cell":"105-135-4188"
      
},
      "age":39
   
},
   {
      "first_name":"Duffie",
      "last_name":"Belderfield",
      "email":"dbelderfield2h@howstuffworks.com",
      "phone":{
         "work":"954-389-2282",
         "home":"640-262-1936",
         "cell":"614-247-9842"
      
},
      "age":68
   
},
   {
      "first_name":"Chancey",
      "last_name":"Owthwaite",
      "email":"cowthwaite2i@xrea.com",
      "phone":{
         "work":"874-309-3111",
         "home":"648-748-4149",
         "cell":"117-153-7799"
      
},
      "age":59
   
},
   {
      "first_name":"Edyth",
      "last_name":"Yuranovev",
      "email":"eyuranovev2j@cnet.com",
      "phone":{
         "work":"912-214-5971",
         "home":"637-846-6529",
         "cell":"789-650-6166"
      
},
      "age":23
   
},
   {
      "first_name":"Marilee",
      "last_name":"Karleman",
      "email":"mkarleman2k@bizjournals.com",
      "phone":{
         "work":"398-885-8577",
         "home":"760-685-5589",
         "cell":"337-984-2292"
      
},
      "age":30
   
},
   {
      "first_name":"Anneliese",
      "last_name":"Archbold",
      "email":"aarchbold2l@youtube.com",
      "phone":{
         "work":"519-744-4984",
         "home":"113-519-8545",
         "cell":"234-917-2809"
      
},
      "age":98
   
},
   {
      "first_name":"Bat",
      "last_name":"Tregensoe",
      "email":"btregensoe2m@shinystat.com",
      "phone":{
         "work":"247-924-8114",
         "home":"680-842-0534",
         "cell":"849-362-5779"
      
},
      "age":47
   
},
   {
      "first_name":"Roma",
      "last_name":"Mealiffe",
      "email":"rmealiffe2n@nba.com",
      "phone":{
         "work":"397-815-2304",
         "home":"539-391-3049",
         "cell":"791-426-1390"
      
},
      "age":63
   
},
   {
      "first_name":"Brena",
      "last_name":"Clemont",
      "email":"bclemont2o@senate.gov",
      "phone":{
         "work":"758-253-1892",
         "home":"380-948-9365",
         "cell":"155-697-3619"
      
},
      "age":36
   
},
   {
      "first_name":"Sabra",
      "last_name":"Pringer",
      "email":"springer2p@rediff.com",
      "phone":{
         "work":"507-965-3250",
         "home":"246-427-4730",
         "cell":"289-315-3514"
      
},
      "age":34
   
},
   {
      "first_name":"Maxim",
      "last_name":"Cordeix",
      "email":"mcordeix2q@mozilla.org",
      "phone":{
         "work":"898-672-0004",
         "home":"491-486-4877",
         "cell":"320-687-8047"
      
},
      "age":55
   
},
   {
      "first_name":"Anita",
      "last_name":"Twiddy",
      "email":"atwiddy2r@typepad.com",
      "phone":{
         "work":"732-192-1403",
         "home":"769-182-4172",
         "cell":"724-372-6729"
      
},
      "age":85
   
}
]