[
    {
        "firstname": "Marylinda",
        "lastname": "Bevir",
        "position": "Chief Executive Office",
        "company": {
            "company_name": "Jabbersphere",
            "address": "1081 Arapahoe Court",
            "address2": "",
            "city": "Houston",
            "state": "TX",
            "postal_code": "77234",
            "phone": "713-849-1712",
            "email": "mbevir@jabbersphere.com",
            "description": "Versatile Asynchronous Collaboration",
            "tagline": "Visualize Cross-Platform Action-Items"
        }
    },
    {
        "firstname": "Perry",
        "lastname": "Jeanin",
        "position": "Product Engineer",
        "company": {
            "company_name": "Talane",
            "address": "969 Acker Lane",
            "address2": "",
            "city": "Jacksonville",
            "state": "FL",
            "postal_code": "32230",
            "phone": "904-326-4732",
            "email": "perry.jeanin@talane.com",
            "description": "Universal Impactful Hardware",
            "tagline": "Redefine Interactive Channels"
        }
    },
    {
        "firstname": "Skipton",
        "lastname": "Duignan",
        "position": "Community Outreach Specialist",
        "company": {
            "company_name": "Browseblab",
            "address": "391 International Drive",
            "address2": "",
            "city": "Tucson",
            "state": "AZ",
            "postal_code": "85732",
            "phone": "520-476-3641",
            "email": "skiptonduignan@browseblab.com",
            "description": "Inverse Demand-Driven Archive",
            "tagline": "Synthesize Granular Infrastructures"
        }
    },
    {
        "firstname": "Corrianne",
        "lastname": "Croyden",
        "position": "Quality Control Specialist",
        "company": {
            "company_name": "Yakijo",
            "address": "57 Northland Park",
            "address2": "",
            "city": "Meridian",
            "state": "MS",
            "postal_code": "39305",
            "phone": "601-359-8126",
            "email": "ccroyden@yakijo.com",
            "description": "Secured Clear-Thinking Graphicinterface",
            "tagline": "Brand Customized Communities"
        }
    },
    {
        "firstname": "Waldon",
        "lastname": "Schaben",
        "position": "CFO",
        "company": {
            "company_name": "Gigashots",
            "address": "3 Russell Circle",
            "address2": "",
            "city": "El Paso",
            "state": "TX",
            "postal_code": "79989",
            "phone": "915-120-4368",
            "email": "waldenschaben@gigashots.net",
            "description": "Switchable Bi-Directional Standardization",
            "tagline": "Maximize Efficient E-Markets"
        }
    },
    {
        "firstname": "Debbie",
        "lastname": "Edgett",
        "position": "Programmer Analyst II",
        "company": {
            "company_name": "Linklinks",
            "address": "558 Memorial Avenue",
            "address2": "",
            "city": "Annapolis",
            "state": "MD",
            "postal_code": "21405",
            "phone": "443-391-7318",
            "email": "debbieedgett@linklinks.com",
            "description": "Multi-Channelled Real-Time Data-Warehouse",
            "tagline": "Syndicate Mission-Critical Schemas"
        }
    },
    {
        "firstname": "Ranee",
        "lastname": "Harlowe",
        "position": "Quality Engineer",
        "company": {
            "company_name": "Trudoo",
            "address": "576 Nevada Alley",
            "address2": "",
            "city": "Louisville",
            "state": "KY",
            "postal_code": "40256",
            "phone": "502-865-6310",
            "email": "raneeharlowe@trudoo.com",
            "description": "Synchronised Regional Neural-Net",
            "tagline": "Iterate Rich Paradigms"
        }
    },
    {
        "firstname": "Derward",
        "lastname": "Exall",
        "position": "IT Director",
        "company": {
            "company_name": "Riffpath",
            "address": "92 Butternut Place",
            "address2": "",
            "city": "Paterson",
            "state": "NJ",
            "postal_code": "07544",
            "phone": "862-478-8137",
            "email": "dexall@riffpath.com",
            "description": "Phased Client-Server Budgetarymanagement",
            "tagline": "Brand Collaborative Synergies"
        }
    },
    {
        "firstname": "Carmelle",
        "lastname": "Issit",
        "position": "VP Quality Control",
        "company": {
            "company_name": "Agimba",
            "address": "06 Bellgrove Way",
            "address2": "",
            "city": "Augusta",
            "state": "GA",
            "postal_code": "30911",
            "phone": "706-909-1336",
            "email": "issitc@agimba.com",
            "description": "Multi-Lateral Object-Oriented Collaboration",
            "tagline": "Optimize Proactive Webservices"
        }
    },
    {
        "firstname": "Osgood",
        "lastname": "Robuchon",
        "position": "Software Consultant",
        "company": {
            "company_name": "Cogilith",
            "address": "396 Cordelia Center",
            "address2": "",
            "city": "Jacksonville",
            "state": "FL",
            "postal_code": "32225",
            "phone": "904-727-3693",
            "email": "osgoodr@cogilith",
            "description": "User-Friendly Responsive Localareanetwork",
            "tagline": "Architect Extensible E-Commerce"
        }
    },
    {
        "firstname": "Lorry",
        "lastname": "Portchmouth",
        "position": "Accountant I",
        "company": {
            "company_name": "Blogtag",
            "address": "7 Waxwing Way",
            "address2": "",
            "city": "Chattanooga",
            "state": "TN",
            "postal_code": "37416",
            "phone": "423-984-8884",
            "email": "portchmouthl@blogtag.com",
            "description": "Open-Source Interactive Firmware",
            "tagline": "Revolutionize One-To-One Infomediaries"
        }
    },
    {
        "firstname": "Rosemonde",
        "lastname": "Bende",
        "position": "Senior Developer",
        "company": {
            "company_name": "Yozio",
            "address": "83 Melrose Court",
            "address2": "",
            "city": "Fort Worth",
            "state": "TX",
            "postal_code": "76110",
            "phone": "817-420-3296",
            "email": "rosemondebende@yozio.com",
            "description": "Switchable Neutral Throughput",
            "tagline": "Transition Viral Metrics"
        }
    },
    {
        "firstname": "Carroll",
        "lastname": "Corroyer",
        "position": "Health Coach II",
        "company": {
            "company_name": "Buzzster",
            "address": "1161 Gina Trail",
            "address2": "",
            "city": "Chesapeake",
            "state": "VA",
            "postal_code": "23324",
            "phone": "757-394-3656",
            "email": "carrollcorroyer@buzzseter.com",
            "description": "Front-Line Grid-Enabled Focusgroup",
            "tagline": "Iterate Best-Of-Breed Communities"
        }
    },
    {
        "firstname": "Paige",
        "lastname": "Nutty",
        "position": "Dental Hygienist",
        "company": {
            "company_name": "Yotz",
            "address": "4 Barby Way",
            "address2": "",
            "city": "Los Angeles",
            "state": "CA",
            "postal_code": "90010",
            "phone": "310-951-3605",
            "email": "paigenutty@yotz.com",
            "description": "Polarised 3Rdgeneration Blockchain",
            "tagline": "Utilize Sexy Webservices"
        }
    },
    {
        "firstname": "Ranna",
        "lastname": "Messenger",
        "position": "Biostatistician IV",
        "company": {
            "company_name": "Devshare",
            "address": "87404 Oxford Trail",
            "address2": "",
            "city": "Denver",
            "state": "CO",
            "postal_code": "80223",
            "phone": "303-831-1951",
            "email": "rannamessenger@devshare.io",
            "description": "Upgradable Fresh-Thinking Function",
            "tagline": "Matrix Enterprise Systems"
        }
    },
    {
        "firstname": "Godwin",
        "lastname": "Whilder",
        "position": "Quality Control Specialist",
        "company": {
            "company_name": "Brightdog",
            "address": "1 Cherokee Parkway",
            "address2": "",
            "city": "Memphis",
            "state": "TN",
            "postal_code": "38197",
            "phone": "901-848-8395",
            "email": "godwinwhilder@brightdog.com",
            "description": "Enhanced Foreground Website",
            "tagline": "Engage Sexy Webservices"
        }
    },
    {
        "firstname": "Ogden",
        "lastname": "Kybert",
        "position": "Cost Accountant",
        "company": {
            "company_name": "Oyoba",
            "address": "95 Rutledge Circle",
            "address2": "",
            "city": "Inglewood",
            "state": "CA",
            "postal_code": "90310",
            "phone": "310-328-8165",
            "email": "ogdenkybert@oyoba.com",
            "description": "Right-Sized Modular Attitude",
            "tagline": "Visualize Clicks-And-Mortar E-Services"
        }
    },
    {
        "firstname": "Dalila",
        "lastname": "Pert",
        "position": "Business Systems Development Analyst",
        "company": {
            "company_name": "Kazio",
            "address": "19 Moose Trail",
            "address2": "",
            "city": "Cincinnati",
            "state": "OH",
            "postal_code": "45249",
            "phone": "513-307-8079",
            "email": "dalilapert@kazio.com",
            "description": "Automated Multi-State Capability",
            "tagline": "Transition Innovative Solutions"
        }
    },
    {
        "firstname": "Noby",
        "lastname": "Winterflood",
        "position": "Health Coach II",
        "company": {
            "company_name": "Twitterworks",
            "address": "98 Center Hill",
            "address2": "",
            "city": "Salt Lake City",
            "state": "UT",
            "postal_code": "84130",
            "phone": "801-847-9979",
            "email": "nobyw@twitterworks.com",
            "description": "Balanced Motivating Adapter",
            "tagline": "Deliver Mission-Critical Bandwidth"
        }
    },
    {
        "firstname": "Kalil",
        "lastname": "Shemilt",
        "position": "Environmental Specialist",
        "company": {
            "company_name": "Kwilith",
            "address": "238 Johnson Circle",
            "address2": "",
            "city": "Philadelphia",
            "state": "PA",
            "postal_code": "19141",
            "phone": "215-802-3967",
            "email": "shemiltk@kwilith.com",
            "description": "Mandatory Logistical Software",
            "tagline": "Deploy Turn-Key Portals"
        }
    }
]